<datasource jta="true" jndi-name="java:jboss/CrudDS" pool-name="CrudDSPOOL" enabled="true" use-ccm="false">
	<connection-url>jdbc:postgresql://localhost:5432/cadastroCliente</connection-url>
	<driver-class>org.postgresql.Driver</driver-class>
	<driver>postgresql</driver>
	<transaction-isolation>TRANSACTION_READ_COMMITTED</transaction-isolation>
	<pool>
		<min-pool-size>5</min-pool-size>
		<max-pool-size>20</max-pool-size>
	</pool>
	<security>
		<user-name>postgres</user-name>
		<password>postgres</password>
	</security>
	<validation>
		<validate-on-match>false</validate-on-match>
		<background-validation>false</background-validation>
	</validation>
	<statement>
		<share-prepared-statements>false</share-prepared-statements>
	</statement>
</datasource>